ID,Edad,Ingresos,Ciudad_Barcelona,Ciudad_Madrid,Ciudad_Sevilla,Edad_Z,Ingresos_Z
1,25,30000.0,False,True,False,-1.2649110640673518,-1.4142135623730951
2,45,50000.0,False,False,True,1.2649110640673518,1.4142135623730951
3,30,40000.0,False,True,False,-0.6324555320336759,0.0
4,40,40000.0,True,False,False,0.6324555320336759,0.0
