Metrica,Valor
MAE,42.345366317234685
MSE,2819.809556338577
RMSE,53.10187902832231
R2,0.46777485995411905
